Alma,Adams,@RepAdams
Robert,Aderholt,@Robert_Aderholt
Pete,Aguilar,@RepPeteAguilar
Rick,Allen,@RepRickAllen
Colin,Allred,@RepColinAllred
Mark,Amodei,@MarkAmodeiNV2
Kelly,Armstrong,@RepArmstrongND
Jodey,Arrington,@RepArrington
Jake,Auchincloss,@RepAuchincloss
Cynthia,Axne,@RepCindyAxne
Brian,Babin,@RepBrianBabin
Don,Bacon,@RepDonBacon
James,Baird,@RepJimBaird
Troy,Balderson,@RepBalderson
Jim,Banks,@RepJimBanks
Andy,Barr,@RepAndyBarr
Nanette,Barragán,@RepBarragan
Karen,Bass,@RepKarenBass
Joyce,Beatty,@RepBeatty
Cliff,Bentz,@RepBentz
Ami,Bera,@RepBera
Jack,Bergman,@RepJackBergman
Donald,Beyer,@RepDonBeyer
Stephanie,Bice,@RepBice
Andy,Biggs,@RepAndyBiggsAZ
Gus,Bilirakis,@RepGusBilirakis
Dan,Bishop,@RepDanBishop
Sanford,Bishop,@SanfordBishop
Earl,Blumenauer,@repblumenauer
Lisa,Blunt Rochester,@RepLBR
Lauren,Boebert,@RepBoebert
Suzanne,Bonamici,@RepBonamici
Mike,Bost,@RepBost
Carolyn,Bourdeaux,@RepBourdeaux
Jamaal,Bowman,@RepBowman
Brendan,Boyle,@CongBoyle
Kevin,Brady,@RepKevinBrady
Mo,Brooks,@RepMoBrooks
Anthony,Brown,@RepAnthonyBrown
Shontel,Brown,@RepShontelBrown
Julia,Brownley,@RepBrownley
Vern,Buchanan,@VernBuchanan
Ken,Buck,@RepKenBuck
Larry,Bucshon,@RepLarryBucshon
Ted,Budd,@RepTedBudd
Tim,Burchett,@RepTimBurchett
Michael,Burgess,@michaelcburgess
Cori,Bush,@RepCori
Cheri,Bustos,@RepCheri
G.,Butterfield,@GKButterfield
Ken,Calvert,@KenCalvert
Kat,Cammack,@RepKatCammack
Salud,Carbajal,@RepCarbajal
Tony,Cárdenas,@RepCardenas
Mike,Carey,@RepMikeCarey
Jerry,Carl,@RepJerryCarl
André,Carson,@RepAndreCarson
Buddy,Carter,@RepBuddyCarter
John,Carter,@JudgeCarter
Troy,Carter,@RepTroyCarter
Matt,Cartwright,@RepCartwright
Ed,Case,@RepEdCase
Sean,Casten,@RepCasten
Kathy,Castor,@USRepKCastor
Joaquin,Castro,@JoaquinCastrotx
Madison,Cawthorn,@RepCawthorn
Steve,Chabot,@RepSteveChabot
Liz,Cheney,@RepLizCheney
Sheila,Cherfilus-McCormick,@CongresswomanSC
Judy,Chu,@RepJudyChu
David,Cicilline,@davidcicilline
,,@RepCicilline
Katherine,Clark,@RepKClark
Yvette,Clarke,@RepYvetteClarke
Emanuel,Cleaver,@repcleaver
Ben,Cline,@RepBenCline
Michael,Cloud,@RepCloudTX
James,Clyburn,@WhipClyburn
Andrew,Clyde,@Rep_Clyde
Steve,Cohen,@RepCohen
Tom,Cole,@TomColeOK04
James,Comer,@RepJamesComer
Connie,Conway,@RepConnieConway
Gerald,Connolly,@GerryConnolly
Jim,Cooper,@repjimcooper
Lou,Correa,@RepLouCorrea
Jim,Costa,@RepJimCosta
Joe,Courtney,@RepJoeCourtney
Angie,Craig,@RepAngieCraig
Ric,Crawford,@RepRickCrawford
Dan,Crenshaw,@RepDanCrenshaw
Charlie,Crist,@RepCharlieCrist
Jason,Crow,@RepJasonCrow
Henry,Cuellar,@RepCuellar
John,Curtis,@RepJohnCurtis
Sharice,Davids,@RepDavids
Warren,Davidson,@WarrenDavidson
Danny,Davis,@RepDannyDavis
Rodney,Davis,@RodneyDavis
Madeleine,Dean,@RepDean
Peter,DeFazio,@RepPeterDeFazio
Diana,DeGette,@RepDianaDeGette
Rosa,DeLauro,@rosadelauro
Suzan,DelBene,@RepDelBene
Val,Demings,@RepValDemings
Mark,DeSaulnier,@RepDeSaulnier
Scott,DesJarlais,@DesJarlaisTN04
Theodore,Deutch,@RepTedDeutch
Mario,Diaz-Balart,@MarioDB
Debbie,Dingell,@RepDebDingell
Lloyd,Doggett,@RepLloydDoggett
Byron,Donalds,@RepDonaldsPress
Michael,Doyle,@USRepMikeDoyle
Jeff,Duncan,@RepJeffDuncan
Neal,Dunn,@DrNealDunnFL2
Jake,Ellzey,@RepEllzey
Tom,Emmer,@RepTomEmmer
Veronica,Escobar,@RepEscobar
Anna,Eshoo,@RepAnnaEshoo
Adriano,Espaillat,@RepEspaillat
Ron,Estes,@RepRonEstes
Dwight,Evans,@RepDwightEvans
Pat,Fallon,@RepPatFallon
Randy,Feenstra,@RepFeenstra
Drew,Ferguson,@RepDrewFerguson
Brad,Finstad,@repfinstad
Michelle,Fischbach,@RepFischbach
Scott,Fitzgerald,@RepFitzgerald
Brian,Fitzpatrick,@RepBrianFitz
Chuck,Fleischmann,@RepChuck
Lizzie,Fletcher,@RepFletcher
Mike,Flood,@USRepMikeFlood
Mayra,Flores,@repmayraflores
Bill,Foster,@RepBillFoster
Virginia,Foxx,@virginiafoxx
Lois,Frankel,@RepLoisFrankel
Scott,Franklin,@RepFranklin
Russ,Fulcher,@RepRussFulcher
Matt,Gaetz,@RepMattGaetz
Mike,Gallagher,@RepGallagher
Ruben,Gallego,@RepRubenGallego
John,Garamendi,@RepGaramendi
Andrew,Garbarino,@RepGarbarino
Mike,Garcia,@RepMikeGarcia
Sylvia,Garcia,@RepSylviaGarcia
Chuy,García,@RepChuyGarcia
Bob,Gibbs,@RepBobGibbs
Carlos,Gimenez,@RepCarlos
Louie,Gohmert,@replouiegohmert
Jared,Golden,@RepGolden
Jimmy,Gomez,@RepJimmyGomez
Tony,Gonzales,@RepTonyGonzales
Anthony,Gonzalez,@RepAGonzalez
Vicente,Gonzalez,@RepGonzalez
Jenniffer,González-Colón,@RepJenniffer
Bob,Good,@RepBobGood
Lance,Gooden,No official
Paul,Gosar,@RepGosar
Josh,Gottheimer,@RepJoshG
Kay,Granger,@RepKayGranger
Garret,Graves,@RepGarretGraves
Sam,Graves,@RepSamGraves
Al,Green,@RepAlGreen
Mark,Green,@RepMarkGreen
Marjorie,Greene,@RepMTG
Morgan,Griffith,@RepMGriffith
Raúl,Grijalva,@RepRaulGrijalva
Glenn,Grothman,@RepGrothman
Michael,Guest,@RepMichaelGuest
Brett,Guthrie,@RepGuthrie
Jim,Hagedorn,@RepHagedorn
Josh,Harder,@RepJoshHarder
Andy,Harris,@RepAndyHarrisMD
Diana,Harshbarger,@RepHarshbarger
Vicky,Hartzler,@RepHartzler
Jahana,Hayes,@RepJahanaHayes
Kevin,Hern,@repkevinhern
Yvette,Herrell,@RepHerrell
Jaime,Herrera Beutler,@HerreraBeutler
Jody,Hice,@CongressmanHice
Brian,Higgins,@RepBrianHiggins
Clay,Higgins,@RepClayHiggins
French,Hill,@RepFrenchHill
James,Himes,No official
Ashley,Hinson,@RepAshleyHinson
Trey,Hollingsworth,@RepTrey
Steven,Horsford,@RepHorsford
Chrissy,Houlahan,@RepHoulahan
Steny,Hoyer,@LeaderHoyer
Richard,Hudson,@RepRichHudson
Jared,Huffman,@RepHuffman
Bill,Huizenga,@RepHuizenga
Darrell,Issa,@repdarrellissa
Ronny,Jackson,@RepRonnyJackson
Sheila,Jackson Lee,@JacksonLeeTX18
Chris,Jacobs,@RepJacobs
Sara,Jacobs,@RepSaraJacobs
Pramila,Jayapal,@RepJayapal
Hakeem,Jeffries,@RepJeffries
Bill,Johnson,@RepBillJohnson
Dusty,Johnson,@RepDustyJohnson
Eddie,Johnson,@RepEBJ
Hank,Johnson,@RepHankJohnson
Mike,Johnson,@RepMikeJohnson
Mondaire,Jones,@RepMondaire
Jim,Jordan,@Jim_Jordan
David,Joyce,@RepDaveJoyce
John,Joyce,@RepJohnJoyce
Kaiali'i,Kahele,@RepKahele
Marcy,Kaptur,@RepMarcyKaptur
John,Katko,@RepJohnKatko
Bill,Keating,@USRepKeating
Fred,Keller,@RepFredKeller
Mike,Kelly,@MikeKellyPA
Robin,Kelly,@RepRobinKelly
Trent,Kelly,@RepTrentKelly
Ro,Khanna,@RepRoKhanna
Dan,Kildee,@RepDanKildee
Derek,Kilmer,@RepDerekKilmer
Andy,Kim,@RepAndyKimNJ
Young,Kim,@RepYoungKim
Ron,Kind,@RepRonKind
Adam,Kinzinger,@RepKinzinger
Ann,Kirkpatrick,@RepKirkpatrick
Raja,Krishnamoorthi,@CongressmanRaja
Ann,Kuster,@RepAnnieKuster
David,Kustoff,@RepDavidKustoff
Darin,LaHood,@RepLaHood
Doug,LaMalfa,@RepLaMalfa
Conor,Lamb,@RepConorLamb
Doug,Lamborn,@RepDLamborn
James,Langevin,@JimLangevin
Rick,Larsen,@RepRickLarsen
John,Larson,@RepJohnLarson
Bob,Latta,@boblatta
Jake,LaTurner,@RepLaTurner
Brenda,Lawrence,@RepLawrence
Al,Lawson,@RepAlLawsonJr
Barbara,Lee,@RepBarbaraLee
Susie,Lee,@RepSusieLee
Teresa,Leger Fernandez,@RepTeresaLF
Debbie,Lesko,@RepDLesko
Julia,Letlow,@repjulialetlow
Andy,Levin,@RepAndyLevin
Mike,Levin,@RepMikeLevin
Ted,Lieu,@RepTedLieu
Zoe,Lofgren,@RepZoeLofgren
Billy,Long,@USRepLong
Barry,Loudermilk,@RepLoudermilk
Alan,Lowenthal,@RepLowenthal
Frank,Lucas,@RepFrankLucas
Blaine,Luetkemeyer,@RepBlaine
Elaine,Luria,@RepElaineLuria
Stephen,Lynch,@RepStephenLynch
Nancy,Mace,@RepNancyMace
Tom,Malinowski,@RepMalinowski
Nicole,Malliotakis,@RepMalliotakis
Carolyn,Maloney,@RepMaloney
Sean,Maloney,@RepSeanMaloney
Tracey,Mann,@RepMann
Kathy,Manning,@RepKManning
Thomas,Massie,@RepThomasMassie
Brian,Mast,@RepBrianMast
Doris,Matsui,@DorisMatsui
Lucy,McBath,@RepLucyMcBath
Kevin,McCarthy,@GOPLeader
Michael,McCaul,@RepMcCaul
Lisa,McClain,@RepLisaMcClain
Tom,McClintock,@RepMcClintock
Betty,McCollum,@BettyMcCollum04
A.,McEachin,@RepMcEachin
James,McGovern,@RepMcGovern
Patrick,McHenry,@PatrickMcHenry
David,McKinley,@RepMcKinley
Jerry,McNerney,@RepMcNerney
Gregory,Meeks,@RepGregoryMeeks
Peter,Meijer,@RepMeijer
Grace,Meng,@RepGraceMeng
Daniel,Meuser,@RepMeuser
Kweisi,Mfume,@RepKweisiMfume
Carol,Miller,@RepCarolMiller
Mary,Miller,@RepMaryMiller
Mariannette,Miller-Meeks,@RepMMM
John,Moolenaar,@RepMoolenaar
Alexander,Mooney,@RepAlexMooney
Barry,Moore,@RepBarryMoore
Blake,Moore,@RepBlakeMoore
Gwen,Moore,@RepGwenMoore
Joe,Morelle,@RepJoeMorelle
Seth,Moulton,@teammoulton
Frank,Mrvan,@RepMrvan
Markwayne,Mullin,@RepMullin
Gregory,Murphy,@RepGregMurphy
Stephanie,Murphy,@RepStephMurphy
Jerrold,Nadler,@RepJerryNadler
Grace,Napolitano,@gracenapolitano
Richard,Neal,@RepRichardNeal
Joe,Neguse,@RepJoeNeguse
Troy,Nehls,@RepTroyNehls
Dan,Newhouse,@RepNewhouse
Marie,Newman,@RepMarieNewman
Donald,Norcross,@DonaldNorcross
Ralph,Norman,@RepRalphNorman
Eleanor,Norton,@EleanorNorton
Devin,Nunes,@RepDevinNunes
Jay,Obernolte,@JayObernolte
Alexandria,Ocasio-Cortez,@RepAOC
Tom,O'Halleran,@RepOHalleran
Ilhan,Omar,@Ilhan
Burgess,Owens,@RepBurgessOwens
Steven,Palazzo,@CongPalazzo
Frank,Pallone,@FrankPallone
Gary,Palmer,@USRepGaryPalmer
Jimmy,Panetta,@RepJimmyPanetta
Chris,Pappas,@RepChrisPappas
Bill,Pascrell,@BillPascrell
Donald,Payne,@RepDonaldPayne
Nancy,Pelosi,@SpeakerPelosi
Mary,Peltola,TBD
Greg,Pence,@RepGregPence
Ed,Perlmutter,@RepPerlmutter
Scott,Perry,@RepScottPerry
Scott,Peters,@RepScottPeters
August,Pfluger,@RepPfluger
Dean,Phillips,@RepDeanPhillips
Chellie,Pingree,@chelliepingree
Stacey,Plaskett,@StaceyPlaskett
Mark,Pocan,@repmarkpocan
Katie,Porter,@RepKatiePorter
Bill,Posey,@congbillposey
Ayanna,Pressley,@RepPressley
David,Price,@RepDavidEPrice
Mike,Quigley,@RepMikeQuigley
Aumua Amata,Radewagen,@RepAmata
Jamie,Raskin,@RepRaskin
Guy,Reschenthaler,@GReschenthaler
Kathleen,Rice,@RepKathleenRice
Tom,Rice,@RepTomRice
Cathy,Rodgers,@cathymcmorris
Hal,Rogers,@RepHalRogers
Mike,Rogers,@RepMikeRogersAL
John,Rose,@RepJohnRose
Matthew,Rosendale,@RepRosendale
Deborah,Ross,@RepDeborahRoss
David,Rouzer,@RepDavidRouzer
Chip,Roy,@RepChipRoy
Lucille,Roybal-Allard,@RepRoybalAllard
Raul,Ruiz,@RepRaulRuizMD
Dutch,Ruppersberger,@Call_Me_Dutch
Bobby,Rush,@RepBobbyRush
John,Rutherford,@RepRutherfordFL
Pat,Ryan,@RepPatRyanNY
Tim,Ryan,@RepTimRyan
Gregorio,Sablan,@Kilili_Sablan
Maria,Salazar,@RepMariaSalazar
Michael,San Nicolas,@GuamCongressman
Linda,Sánchez,@RepLindaSanchez
John,Sarbanes,@RepSarbanes
Steve,Scalise,@SteveScalise
Mary,Scanlon,@RepMGS
Janice,Schakowsky,@RepSchakowsky
Adam,Schiff,@RepAdamSchiff
Brad,Schneider,@RepSchneider
Kurt,Schrader,@RepSchrader
Kim,Schrier,@RepKimSchrier
David,Schweikert,@RepDavid
Austin,Scott,@AustinScottGA08
David,Scott,@repdavidscott
Bobby,Scott,@BobbyScott
Joe,Sempolinski,@RepSempolinski
Pete,Sessions,@PeteSessions
Terri,Sewell,@RepTerriSewell
Brad,Sherman,@BradSherman
Mikie,Sherrill,@RepSherrill
Mike,Simpson,@CongMikeSimpson
Albio,Sires,@RepSires
Elissa,Slotkin,@RepSlotkin
Adam,Smith,@RepAdamSmith
Adrian,Smith,@RepAdrianSmith
Christopher,Smith,No official
Jason,Smith,@RepJasonSmith
Lloyd,Smucker,@RepSmucker
Darren,Soto,@RepDarrenSoto
Abigail,Spanberger,@RepSpanberger
Victoria,Spartz,@RepSpartz
Jackie,Speier,@RepSpeier
Melanie,Stansbury,@Rep_Stansbury
Greg,Stanton,@RepGregStanton
Pete,Stauber,@RepPeteStauber
Michelle,Steel,@RepSteel
Elise,Stefanik,@RepStefanik
Bryan,Steil,@RepBryanSteil
W.,Steube,@RepGregSteube
Haley,Stevens,@RepHaleyStevens
Chris,Stewart,@RepChrisStewart
Marilyn,Strickland,@RepStricklandWA
Thomas,Suozzi,@RepTomSuozzi
Eric,Swalwell,@RepSwalwell
Mark,Takano,@RepMarkTakano
Van,Taylor,@RepVanTaylor
Claudia,Tenney,@RepTenney
Bennie,Thompson,@BennieGThompson
Glenn,Thompson,@CongressmanGT
Mike,Thompson,@RepThompson
Thomas,Tiffany,@RepTiffany
William,Timmons,@RepTimmons
Dina,Titus,@repdinatitus
Rashida,Tlaib,@RepRashida
Paul,Tonko,@RepPaulTonko
Norma,Torres,@NormaJTorres
Ritchie,Torres,@RepRitchie
Lori,Trahan,@RepLoriTrahan
David,Trone,@RepDavidTrone
Michael,Turner,@RepMikeTurner
Lauren,Underwood,@RepUnderwood
Fred,Upton,@RepFredUpton
David,Valadao,@RepDavidValadao
Jefferson,Van Drew,No official
Beth,Van Duyne,@RepBethVanDuyne
Juan,Vargas,@RepJuanVargas
Marc,Veasey,@RepVeasey
Nydia,Velázquez,@NydiaVelazquez
Ann,Wagner,@RepAnnWagner
Tim,Walberg,@RepWalberg
Jackie,Walorski,@RepWalorski
Michael,Waltz,@RepWaltzPress
Debbie,Wasserman Schultz,@RepDWStweets
Maxine,Waters,@RepMaxineWaters
Bonnie,Watson Coleman,@RepBonnie
Randy,Weber,@TXRandy14
Daniel,Webster,@RepWebster
Peter,Welch,@PeterWelch
Brad,Wenstrup,@RepBradWenstrup
Bruce,Westerman,@RepWesterman
Jennifer,Wexton,@RepWexton
Susan,Wild,@RepSusanWild
Nikema,Williams,@RepNikema
Roger,Williams,@RepRWilliams
Frederica,Wilson,@RepWilson
Joe,Wilson,@RepJoeWilson
Robert,Wittman,@RobWittman
Steve,Womack,@rep_stevewomack
John,Yarmuth,@RepJohnYarmuth
Lee,Zeldin,@RepLeeZeldin